id,full_name,email,phone,birth_date,created_at
100,Allison Hill,allison.hill@example.com,12345,1971-08-31,2025-12-14T21:16:31Z
101,Alyssa Gonzalez,alyssa.gonzalez@example.com,+17940265423,1953-11-28,2025-12-14T21:16:31Z
102,Brent Abbott,brent.abbott@example.com,+16078161849,1966-03-03,2025-12-14T21:16:31Z
103,Amber Perez,amber.perez_at_example.com,+16131647525,1968-07-06,2025-12-14T21:16:31Z
104,Mia Sutton,mia.sutton_at_example.com,+14928327648,1984-02-19,2025-12-14T21:16:31Z
105,Patty Perez,patty.perez@example.com,+17564139537,2002-06-13,2025-12-14T21:16:31Z
106,Charles Mcgee,charles.mcgee@example.com,12345,1960-10-19,2025-12-14T21:16:31Z
107,Rebecca Henderson,rebecca.henderson@example.com,+19669784801,1976-04-24,2025-12-14T21:16:31Z
108,Gina Carter,gina.carter@example.com,+14704828148,1960-10-19,2025-12-14T21:16:31Z
109,Christopher Ashley,christopher.ashley@example.com,+15701543039,1951-08-28,2025-12-14T21:16:31Z
110,Rose Spence,rose.spence@example.com,+17824896383,1994-04-21,2025-12-14T21:16:31Z
111,Marie Kim DDS,marie.kim.dds@example.com,+14331509839,1940-12-23,2025-12-14T21:16:31Z
112,Mark Perez,mark.perez@example.com,+18518347382,1973-01-26,2025-12-14T21:16:31Z
113,Rhonda Lee,rhonda.lee@example.com,+16656670106,1954-11-14,2025-12-14T21:16:31Z
114,Connor West,connor.west@example.com,+19247317810,1942-01-03,2025-12-14T21:16:31Z
115,Tammy Allison,tammy.allison@example.com,+17677360260,1976-02-04,2025-12-14T21:16:31Z
116,Rachel Mitchell,rachel.mitchell@example.com,+13430980500,2008-06-08,2025-12-14T21:16:31Z
117,Kim Brown,kim.brown@example.com,+11913619399,1951-02-27,2025-12-14T21:16:31Z
118,Kevin Mills,kevin.mills@example.com,+12353462475,1941-04-08,2025-12-14T21:16:31Z
119,Zachary Ferrell,zachary.ferrell@example.com,+15838425135,1961-06-20,2025-12-14T21:16:31Z
120,Joshua Turner,joshua.turner@example.com,+14124118244,1986-08-31,2025-12-14T21:16:31Z
121,Mark Baker,mark.baker@example.com,+11640052427,1998-03-17,2025-12-14T21:16:31Z
122,Ashley Landry,ashley.landry@example.com,+15805982620,1989-08-17,2025-12-14T21:16:31Z
123,Rebecca Valencia,rebecca.valencia@example.com,+13331586923,1964-02-05,2025-12-14T21:16:31Z
124,Allison Doyle,allison.doyle@example.com,+14634216073,2002-08-24,2025-12-14T21:16:31Z
125,Robert Savage,robert.savage@example.com,+17036541458,1985-01-25,2025-12-14T21:16:31Z
126,Ashley Waller,ashley.waller@example.com,+19940196556,1955-09-27,2025-12-14T21:16:31Z
127,Kenneth Scott,kenneth.scott@example.com,+16088356159,1956-12-17,2025-12-14T21:16:31Z
128,Elizabeth Parker,elizabeth.parker@example.com,+15564823662,1995-04-08,2025-12-14T21:16:31Z
129,April Mitchell,april.mitchell@example.com,+13995777387,1951-07-17,2025-12-14T21:16:31Z
130,Matthew Harvey,matthew.harvey@example.com,+12343320037,2001-12-24,2025-12-14T21:16:31Z
131,Mark Lee,mark.lee@example.com,+19763201632,2003-03-23,2025-12-14T21:16:31Z
132,David Charles,david.charles@example.com,+18895798687,2004-08-08,2025-12-14T21:16:31Z
133,Paul Larsen,paul.larsen@example.com,12345,1983-07-06,2025-12-14T21:16:31Z
134,Angela Hernandez,angela.hernandez@example.com,+11231665876,1968-02-24,2025-12-14T21:16:31Z
135,Jean Carrillo,jean.carrillo@example.com,+19967054668,1970-01-06,2025-12-14T21:16:31Z
136,Don Tucker MD,don.tucker.md@example.com,+11272980699,1951-06-05,2025-12-14T21:16:31Z
137,Brandy Murray,brandy.murray@example.com,+17465375564,1974-05-02,2025-12-14T21:16:31Z
138,Julie Curry,julie.curry@example.com,+13531003309,1972-06-19,2025-12-14T21:16:31Z
139,Michael Elliott,michael.elliott@example.com,+12745299124,1943-06-30,2025-12-14T21:16:31Z
140,Laura Odonnell,laura.odonnell@example.com,+11631931491,1987-04-03,2025-12-14T21:16:31Z
141,Mary Jones,mary.jones@example.com,12345,1976-10-03,2025-12-14T21:16:31Z
142,Tamara Hampton,tamara.hampton_at_example.com,+14531473799,1985-10-13,2025-12-14T21:16:31Z
143,Samuel White,samuel.white@example.com,+14545494808,1951-08-26,2025-12-14T21:16:31Z
144,Jason Peters,jason.peters@example.com,+15777014363,1990-03-23,2025-12-14T21:16:31Z
145,Joseph Coleman,joseph.coleman@example.com,+17444313518,1966-01-25,2025-12-14T21:16:31Z
146,John Hardy,john.hardy@example.com,+11343524082,1946-03-12,2025-12-14T21:16:31Z
147,Kristen Terry,kristen.terry@example.com,+13710947775,1946-12-28,2025-12-14T21:16:31Z
148,Scott Wilson,scott.wilson@example.com,+12671902294,1973-10-11,2025-12-14T21:16:31Z
149,Phillip Obrien,phillip.obrien@example.com,+11867749649,1953-07-03,2025-12-14T21:16:31Z
150,Christine Clark,christine.clark@example.com,+18232812067,1979-08-22,2025-12-14T21:16:31Z
151,Dwayne Campbell,dwayne.campbell@example.com,+14936183242,1948-02-12,2025-12-14T21:16:31Z
152,Eric Curry,eric.curry@example.com,+18717464887,1950-12-12,2025-12-14T21:16:31Z
153,Stacy Navarro,stacy.navarro@example.com,+13013990490,2004-01-13,2025-12-14T21:16:31Z
154,Jessica Ramirez,jessica.ramirez@example.com,+16717565512,1996-01-09,2025-12-14T21:16:31Z
155,Donna Landry,donna.landr@example.com,+11545168087,1947-05-18,2025-12-14T21:16:31Z
156,Isaiah Avila,isaiah.avila@example.com,+14824771093,1982-04-17,2025-12-14T21:16:31Z
157,Kristen Davis,kristen.davis@example.com,+18712748467,1973-03-03,2025-12-14T21:16:31Z
158,Charles Lee,charles.lee@example.com,+14658404499,1960-03-22,2025-12-14T21:16:31Z
159,John Cook,john.cook@example.com,+15339636057,1992-07-18,2025-12-14T21:16:31Z
160,Rebecca Pearson MD,rebecca.pearson.md@example.com,+11289517187,1959-08-15,2025-12-14T21:16:31Z
161,Matthew Moore,matthew.moore@example.com,+19615865780,1971-12-14,2025-12-14T21:16:31Z
162,Tammie Bright,tammie.bright@example.com,+11611724005,1979-12-05,2025-12-14T21:16:31Z
163,Jeffrey Sanchez,jeffrey.sanchez@example.com,+18922219693,1959-06-24,2025-12-14T21:16:31Z
164,Mark Stevens,mark.stevens@example.com,+17748217594,1974-01-14,2025-12-14T21:16:31Z
165,Eric Kidd,eric.kidd@example.com,+16959440640,2007-08-09,2025-12-14T21:16:31Z
166,Stephanie Parsons,stephanie.parsons@example.com,+15953394210,1999-12-30,2025-12-14T21:16:31Z
167,Jacob Anderson,jacob.anderson@example.com,+15562328588,1962-05-24,2025-12-14T21:16:31Z
168,Roger Olson,roger.olson@example.com,+12517123685,1993-09-13,2025-12-14T21:16:31Z
169,Joshua Gibson,joshuagibson@example.com,+16965137098,1970-02-16,2025-12-14T21:16:31Z
170,Madison Marshall,madison.marshall@example.com,+14612004711,1958-06-18,2025-12-14T21:16:31Z
171,Jacob Avery,jacob.avery@example.com,+12617964053,2000-07-09,2025-12-14T21:16:31Z
172,Savannah Garcia,savannah.garcia@example.com,+14850643171,1942-11-27,2025-12-14T21:16:31Z
173,Gavin Zhang,gavin.zhang@example.com,+11183933529,1977-09-26,2025-12-14T21:16:31Z
174,Brianna Anderson,brianna.anderson@example.com,+11210205395,1963-09-18,2025-12-14T21:16:31Z
175,Cameron Fisher,cameron.fisher@example.com,+14177589178,1945-11-25,2025-12-14T21:16:31Z
176,Susan Hopkins,susan.hopkins@example.com,+12700766177,1950-12-30,2025-12-14T21:16:31Z
177,Charles Martinez,charles.martinez@example.com,+19847896118,1998-07-13,2025-12-14T21:16:31Z
178,Darryl Morgan,darryl.morgan@example.com,+11565452711,1952-09-08,2025-12-14T21:16:31Z
179,Patrick Watson,patrick.watson@example.com,+17809885165,1947-01-01,2025-12-14T21:16:31Z
180,Lindsay Bell,lindsay.bell@example.com,+17315851493,1943-07-29,2025-12-14T21:16:31Z
181,Mary Steele,mary.steele@example.com,+17244550229,1949-06-21,2025-12-14T21:16:31Z
182,Mark Johnson,mark.johnson@example.com,+16752545991,1961-03-04,2025-12-14T21:16:31Z
183,Luke Craig,luke.craig@example.com,+12767976438,1986-12-23,2025-12-14T21:16:31Z
184,Douglas Gregory,douglas.gregor@example.com,+10369003432,1979-05-24,2025-12-14T21:16:31Z
185,Adam Burgess,adam.burgess@example.com,+11268388516,1999-05-15,2025-12-14T21:16:31Z
186,Thomas Atkins,thomas.atkins@example.com,+18966416052,1989-03-31,2025-12-14T21:16:31Z
187,Ryan Sanchez,ryan.sanchez@example.com,+19816453521,1955-07-09,2025-12-14T21:16:31Z
188,Cheyenne Parsons,cheyenne.parsons@example.com,+12231243292,1964-02-09,2025-12-14T21:16:31Z
189,Lori Marshall,lori.marshall@example.com,+15527177449,1987-11-25,1990-01-01
190,Emily Hayes,emily.hayes@example.com,+19541199867,1945-08-01,2025-12-14T21:16:31Z
191,Robert Pearson,robert.pearson@example.com,+19978207151,1963-06-26,2025-12-14T21:16:31Z
192,Michael Ritter,michael.ritter@example.com,+12554665905,1984-11-14,2025-12-14T21:16:31Z
193,Michael Mitchell,michael.mitchell@example.com,+12519254629,1982-02-18,2025-12-14T21:16:31Z
194,Maria Murphy,maria.murphy@example.com,+14816850542,1986-07-05,2025-12-14T21:16:31Z
195,Katelyn Perez,katelyn.perez@example.com,+13214188805,1991-04-09,2025-12-14T21:16:31Z
196,Christopher Schwartz,christopher.schwartz@example.com,+14706537947,1972-07-20,1990-01-01
197,Robert Harrison,robert.harrison@example.com,+13597746886,1967-03-07,2025-12-14T21:16:31Z
198,Brenda Wright,brenda.wright@example.com,+11814124782,1952-06-25,2025-12-14T21:16:31Z
199,Courtney Hayes,courtney.hayes_at_example.com,+16060685361,1970-07-23,2025-12-14T21:16:31Z
200,Timothy Combs,timothy.combs@example.com,+11220472779,1950-10-13,2025-12-14T21:16:31Z
201,Daniel Hernandez,daniel.hernandez@example.com,+14341036971,2008-01-10,2025-12-14T21:16:31Z
202,Alexis Robertson,alexis.robertson@example.com,+13246095396,1951-08-26,2025-12-14T21:16:31Z
203,Heather Ashley,heather.ashley@example.com,+18067065405,1986-12-05,2025-12-14T21:16:31Z
204,Matthew Garcia,matthew.garcia@example.com,+13205852772,1948-08-02,2025-12-14T21:16:31Z
205,Terri Johnson,terri.johnson@example.com,+15030548687,1944-12-25,2025-12-14T21:16:31Z
206,Cheryl Kelly,cheryl.kelly@example.com,+13541566765,2007-07-14,2025-12-14T21:16:31Z
207,Holly Salinas,holly.salinas@example.com,+12161692845,1950-11-24,2025-12-14T21:16:31Z
208,Edward Griffin,edward.griffin_at_example.com,+11275705964,1950-03-19,2025-12-14T21:16:31Z
209,Jennifer Palmer,jennifer.palmer@example.com,+16029702135,1992-02-08,2025-12-14T21:16:31Z
210,Amanda Hernandez,amanda.hernandez@example.com,+17192856543,1943-07-12,2025-12-14T21:16:31Z
211,Kathryn Hughes,kathryn.hughes@example.com,+14739473121,1963-07-01,2025-12-14T21:16:31Z
212,Jill Miller,jill.miller@example.com,+19518844225,1970-07-09,2025-12-14T21:16:31Z
213,Curtis Taylor,curtis.taylor@example.com,+18957829114,2005-02-22,2025-12-14T21:16:31Z
214,Patricia Morrow,patricia.morrow_at_example.com,+13251778528,1957-07-24,2025-12-14T21:16:31Z
215,Thomas Brown,thomas.brown@example.com,+15824225358,1950-09-25,2025-12-14T21:16:31Z
216,Mark Pierce,mark.pierce@example.com,+13498182992,1985-12-13,2025-12-14T21:16:31Z
217,Kristy Bryan,kristy.bryan@example.com,+18109439690,1979-06-04,2025-12-14T21:16:31Z
218,Elizabeth Sanchez,elizabeth.sanchez@example.com,+14471027677,1986-04-20,2025-12-14T21:16:31Z
219,Emily Higgins,emily.higgins@example.com,+12625881537,1976-05-27,2025-12-14T21:16:31Z
220,Charles Williams,charles.williams@example.com,+18963259532,2010-01-20,2025-12-14T21:16:31Z
221,Shawn Jimenez,shawn.jimenez@example.com,+15687339500,2007-05-10,2025-12-14T21:16:31Z
222,Sarah Chambers,sarah.chambers@example.com,+11801624565,1994-07-09,1990-01-01
223,Justin Cox,justin.cox@example.com,+13168784991,1953-02-27,2025-12-14T21:16:31Z
224,Robert Morgan,robert.morgan@example.com,+13239868000,1985-04-29,2025-12-14T21:16:31Z
225,Kelly Hernandez,kelly.hernande@example.com,+19526949588,2006-09-01,2025-12-14T21:16:31Z
226,Elizabeth Cabrera,elizabeth.cabrera@example.com,+14516940974,1946-12-27,2025-12-14T21:16:31Z
227,Carolyn Fuller,carolyn.fuller@example.com,+17230913075,1960-08-10,2025-12-14T21:16:31Z
228,Damon Shaw,damon.shaw@example.com,+18385786527,1986-08-04,2025-12-14T21:16:31Z
229,Megan Dillon,megan.dillon@example.com,+15973348434,1968-03-17,2025-12-14T21:16:31Z
230,Katherine Castillo,katherine.castillo@example.com,+11986652404,1987-02-20,2025-12-14T21:16:31Z
231,Mary Burgess,mary.burgess@example.com,12345,1972-12-30,2025-12-14T21:16:31Z
232,Taylor Perez,taylor.perez@example.com,+13016571208,1995-05-19,2025-12-14T21:16:31Z
233,Shirley Alvarez,shirley.alvarez@example.com,+13454019380,1996-11-15,2025-12-14T21:16:31Z
234,Casey Gillespie,casey.gillespie@example.com,+16724004991,1978-09-23,2025-12-14T21:16:31Z
235,Martin Warren,martin.warren@example.com,+13874315274,1941-12-01,2025-12-14T21:16:31Z
236,Rachel Bradley,rachel.bradley@example.com,+13296685161,1959-02-19,2025-12-14T21:16:31Z
237,Timothy Smith,timothy.smith@example.com,+16374549904,1972-02-28,2025-12-14T21:16:31Z
238,Bryan Parker,bryan.parker@example.com,12345,1960-11-05,2025-12-14T21:16:31Z
239,William Brooks,william.brooks@example.com,+13391878519,1948-05-28,2025-12-14T21:16:31Z
240,Stephanie Harris,stephanie.harris@example.com,+15871397187,2001-09-17,2025-12-14T21:16:31Z
241,Jason Elliott,jason.elliott@example.com,+10640391065,1948-03-14,2025-12-14T21:16:31Z
242,Andrea Peck,andrea.peck@example.com,12345,1950-12-03,2025-12-14T21:16:31Z
243,Mary Ryan,mary.ryan@example.com,+15128682300,2003-01-06,2025-12-14T21:16:31Z
244,Kimberly Patel,kimberly.patel@example.com,+11375243106,1972-10-02,2025-12-14T21:16:31Z
245,Brian Johnson,brianjohnson@example.com,+19306738302,1979-05-15,2025-12-14T21:16:31Z
246,Thomas Johnston,thomas.johnston@example.com,+19342836440,1963-11-01,2025-12-14T21:16:31Z
247,Jessica Simpson,jessica.simpson@example.com,+19685662462,2004-06-11,2025-12-14T21:16:31Z
248,Darin Mathews,darin.mathews@example.com,+14708668826,1974-09-14,2025-12-14T21:16:31Z
249,Matthew Nielsen,matthew.nielsen@example.com,+12183046990,1965-08-10,2025-12-14T21:16:31Z
250,Laurie Powers,laurie.powers@example.com,+14735403317,1967-11-01,2025-12-14T21:16:31Z
251,David Morris,david.morris@example.com,+18678544587,1953-06-02,2025-12-14T21:16:31Z
252,Miranda Gill,miranda.gill@example.com,+15355609320,1996-10-30,2025-12-14T21:16:31Z
253,Craig Hall,craig.hall@example.com,+13785477725,1959-01-18,2025-12-14T21:16:31Z
254,Katherine Stark,katherine.stark@example.com,+10100623120,2008-10-30,2025-12-14T21:16:31Z
255,Antonio Little,antonio.little@example.com,+10886008484,2008-05-08,2025-12-14T21:16:31Z
256,Megan Drake,megan.drake@example.com,+16118233984,1976-05-19,2025-12-14T21:16:31Z
257,Angela Chung,angela.chung@example.com,+13410166687,1941-04-14,2025-12-14T21:16:31Z
258,Angela Bruce,angela.bruce@example.com,+11918033974,1950-02-12,2025-12-14T21:16:31Z
259,Diana Daniels,diana.daniels@example.com,+13250392614,1972-09-22,2025-12-14T21:16:31Z
260,Sarah Rhodes,sarah.rhodes@example.com,12345,1984-06-02,2025-12-14T21:16:31Z
261,Donald Riddle,donald.riddle@example.com,+18662961943,1951-03-02,2025-12-14T21:16:31Z
262,James Bowers,james.bowers@example.com,+15655110475,1953-11-29,2025-12-14T21:16:31Z
263,Cody Cole,cody.cole@example.com,+11015819956,1979-09-20,2025-12-14T21:16:31Z
264,Richard Hardy,richard.hardy@example.com,12345,1962-10-03,2025-12-14T21:16:31Z
265,Jason Washington,jason.washington@example.com,+13543799371,1981-06-18,2025-12-14T21:16:31Z
266,James Skinner,james.skinner@example.com,+14575692459,2005-03-11,2025-12-14T21:16:31Z
267,Vincent Novak,vincent.novak_at_example.com,+14793564651,1964-06-27,2025-12-14T21:16:31Z
268,Krista Benton,krista.benton_at_example.com,+14167243426,1950-01-24,2025-12-14T21:16:31Z
269,Kyle Aguilar,kyle.aguilar@example.com,+18058911352,1994-05-22,2025-12-14T21:16:31Z
270,Erin Hogan,erin.hogan@example.com,+14014388899,2000-09-01,2025-12-14T21:16:31Z
271,Joel Frazier,joel.frazier@example.com,+10714611254,2001-12-20,2025-12-14T21:16:31Z
272,Kelly Bailey,kelly.bailey@example.com,+12775140105,1962-05-15,1990-01-01
273,Natalie Black,natalie.black@example.com,+18673622660,2001-03-09,2025-12-14T21:16:31Z
274,Jasmine Bush,jasmine.bush@example.com,+18419182553,1955-07-05,2025-12-14T21:16:31Z
275,Scott Rose,scott.rose@example.com,+13969691557,1980-06-25,2025-12-14T21:16:31Z
276,Leslie Powers,leslie.powers_at_example.com,+17134125286,1958-10-06,2025-12-14T21:16:31Z
277,Jenny Tucker,jenny.tucker@example.com,+12742257905,2005-12-15,2025-12-14T21:16:31Z
278,Robert Maynard,robert.maynard@example.com,+17677219034,1977-05-29,2025-12-14T21:16:31Z
279,Dylan Norman,dylan.norman@example.com,+11914858078,1997-11-11,2025-12-14T21:16:31Z
280,Ronald Potter,ronald.potter@example.com,+16074517133,1998-04-10,2025-12-14T21:16:31Z
281,Charles Clark,charles.clark_at_example.com,+15095849825,1979-05-18,2025-12-14T21:16:31Z
282,Tiffany Robertson,tiffany.robertson@example.com,+14260422325,1993-06-12,2025-12-14T21:16:31Z
283,Kenneth Adams MD,kenneth.adams.m@example.com,+16845775901,1988-10-02,2025-12-14T21:16:31Z
284,Rebecca Sanders,rebecca.sanders@example.com,+18374545892,1986-10-13,2025-12-14T21:16:31Z
285,Pamela Williams,pamela.williams@example.com,+12770632424,1989-01-20,2025-12-14T21:16:31Z
286,Jacob Mckee,jacob.mckee@example.com,+18064361103,1950-08-10,2025-12-14T21:16:31Z
287,Darrell Frazier,darrell.frazier@example.com,+12051627136,1953-12-09,2025-12-14T21:16:31Z
288,Jacob Evans,jacob.evans@example.com,+16221890927,1968-12-30,2025-12-14T21:16:31Z
289,Brittany Jenkins,brittany.jenkins@example.com,+11219656523,1951-06-20,2025-12-14T21:16:31Z
290,Kyle Griffith,kyle.griffith@example.com,+11043898364,1972-07-28,2025-12-14T21:16:31Z
291,Brian Porter MD,brian.porter.md@example.com,+15269658271,1949-03-11,2025-12-14T21:16:31Z
292,Daniel Livingston,daniel.livingston@example.com,+13848666188,1977-10-05,2025-12-14T21:16:31Z
293,Bob Mccall,bob.mccall@example.com,+14856914630,1951-09-25,2025-12-14T21:16:31Z
294,Audrey Salazar,audrey.salazar@example.com,+19421020275,2010-05-24,2025-12-14T21:16:31Z
295,Michelle Jackson,michelle.jackson@example.com,+12410564814,2007-07-11,2025-12-14T21:16:31Z
296,Ian Porter,ian.porter@example.com,12345,1941-09-02,2025-12-14T21:16:31Z
297,John Reyes,john.reyes@example.com,+15208635365,1950-08-07,2025-12-14T21:16:31Z
298,Barbara Nunez,barbara.nunez@example.com,+16238061744,1951-10-04,2025-12-14T21:16:31Z
299,Aimee Gonzalez,aimee.gonzalez@example.com,12345,1940-11-13,2025-12-14T21:16:31Z
300,Allison Weaver,allison.weave@example.com,+18506413836,1948-02-25,2025-12-14T21:16:31Z
301,Brenda Ramirez,brenda.ramirez@example.com,+13386571918,1993-09-02,2025-12-14T21:16:31Z
302,Keith Graham,keith.graham@example.com,+14344565574,1950-03-01,2025-12-14T21:16:31Z
303,Brandy Carrillo,brandy.carrillo@example.com,+16212775618,1968-04-04,2025-12-14T21:16:31Z
304,John Phelps,john.phelps@example.com,+16249035213,1993-12-05,2025-12-14T21:16:31Z
305,Megan Green,megan.green@example.com,+13067883171,1956-07-12,2025-12-14T21:16:31Z
306,Ronald Haas,ronald.haas@example.com,+12365199410,1966-11-30,2025-12-14T21:16:31Z
307,Jill Anderson,jill.anderson@example.com,+11107029667,1992-02-02,2025-12-14T21:16:31Z
308,Carrie Lewis,carrie.lewis@example.com,+15447209993,2007-11-25,2025-12-14T21:16:31Z
309,Juan Brown,juan.brown@example.com,+16626383806,2005-04-14,2025-12-14T21:16:31Z
310,Kari Durham,kari.durham@example.com,+14205930407,1988-08-24,2025-12-14T21:16:31Z
311,Yvonne Dickson,yvonne.dickson@example.com,+13334803965,1963-12-19,2025-12-14T21:16:31Z
312,Evan Rojas,evan.rojas@example.com,12345,1982-01-23,2025-12-14T21:16:31Z
313,Andrew Brown,andrew.brown@example.com,+13087059325,1984-01-15,2025-12-14T21:16:31Z
314,Charles Bush,charles.bush@example.com,+15185156915,1983-11-27,2025-12-14T21:16:31Z
315,Christopher Fry,christopher.fry@example.com,+18953926442,1940-03-30,2025-12-14T21:16:31Z
316,Tiffany Myers,tiffany.myers@example.com,+16295939172,1950-08-03,2025-12-14T21:16:31Z
317,William Jackson,williamjackson@example.com,+12570433154,1940-03-04,2025-12-14T21:16:31Z
318,Jeffrey Barnes,jeffrey.barnes@example.com,+14676586179,1962-02-19,2025-12-14T21:16:31Z
319,Robert Johnson,robert.johnson@example.com,+19541152621,1952-09-02,2025-12-14T21:16:31Z
320,William Barry,william.barry@example.com,+14629620153,1995-09-14,2025-12-14T21:16:31Z
321,Miranda Blair,miranda.blair@example.com,+13443106987,1947-06-02,2025-12-14T21:16:31Z
322,Jeffrey Phillips,jeffrey.phillips@example.com,+10324171467,1976-01-25,2025-12-14T21:16:31Z
323,Joshua Lopez,joshua.lopez@example.com,+15527047743,1948-05-22,2025-12-14T21:16:31Z
324,Michael Davis,michael.davis@example.com,+19869380686,2004-08-15,2025-12-14T21:16:31Z
325,Cynthia Evans,cynthia.evans@example.com,+13089899217,1962-10-01,2025-12-14T21:16:31Z
326,Rhonda Martinez,rhonda.martinez@example.com,+17163294511,1994-01-29,2025-12-14T21:16:31Z
327,Shannon Stone,shannon.stone@example.com,+12998616229,1954-05-18,2025-12-14T21:16:31Z
328,Ashlee Mitchell,ashlee.mitchell_at_example.com,+14679970246,1994-09-03,2025-12-14T21:16:31Z
329,Steve Rivera,steve.rivera@example.com,+18074505444,1953-05-14,2025-12-14T21:16:31Z
330,Crystal Turner,crystal.turner@example.com,+16913736785,2010-02-16,2025-12-14T21:16:31Z
331,Ana Mckinney,ana.mckinney@example.com,+11289023303,2002-02-14,2025-12-14T21:16:31Z
332,Isaac Gonzalez,isaac.gonzalez@example.com,+18786103579,1964-03-02,2025-12-14T21:16:31Z
333,Karen Arnold,karen.arnold@example.com,+14241406029,1970-02-15,2025-12-14T21:16:31Z
334,Megan Adams,megan.adams@example.com,+15800722903,1981-07-28,2025-12-14T21:16:31Z
335,Michelle Hill,michelle.hill@example.com,+12574374896,1940-12-31,2025-12-14T21:16:31Z
336,Mary Bridges,mary.bridges@example.com,+15899441715,1984-04-01,2025-12-14T21:16:31Z
337,Debbie Dawson,debbie.dawson@example.com,+11328309652,2007-09-10,2025-12-14T21:16:31Z
338,Deanna Barnes MD,deanna.barnes.md@example.com,+15993538758,1963-02-19,2025-12-14T21:16:31Z
339,Sherri White,sherri.white@example.com,+14724825135,1981-10-17,2025-12-14T21:16:31Z
340,Stephen Watson,stephen.watson@example.com,+14717099917,2008-02-11,2025-12-14T21:16:31Z
341,Michael Moreno,michael.moreno@example.com,+16022356972,1964-07-18,2025-12-14T21:16:31Z
342,Katherine Welch,katherine.welch@example.com,+18500743292,1951-12-25,2025-12-14T21:16:31Z
343,Jeffrey Jordan,jeffrey.jordan@example.com,+19760083505,1965-12-08,2025-12-14T21:16:31Z
344,Aaron Gross,aaron.gross@example.com,+12542168942,1946-03-22,2025-12-14T21:16:31Z
345,Earl Luna,earl.luna@example.com,+12575326033,1968-09-28,2025-12-14T21:16:31Z
346,Leah Jackson,leah.jackson@example.com,+11064890901,1946-07-25,2025-12-14T21:16:31Z
347,Jennifer James,jennifer.james@example.com,+12304618499,1996-12-31,2025-12-14T21:16:31Z
348,Ashley Higgins,ashley.higgins@example.com,+14411739348,1988-09-17,2025-12-14T21:16:31Z
349,Elizabeth Williams,elizabeth.williams@example.com,+15300119721,1950-03-19,2025-12-14T21:16:31Z
350,Ashley Scott,ashley.scott@example.com,+16744701204,1982-07-23,2025-12-14T21:16:31Z
351,Brian York,brian.york@example.com,+16022557941,1986-08-23,2025-12-14T21:16:31Z
352,James Rivers,james.rivers@example.com,+17676212021,2005-09-09,2025-12-14T21:16:31Z
353,Meghan White,meghan.white@example.com,+11590277167,1948-08-14,2025-12-14T21:16:31Z
354,Ernest Bush,ernest.bush@example.com,+13588916375,1960-03-25,2025-12-14T21:16:31Z
355,Kristin Huerta,kristin.huerta@example.com,+14028772175,1985-01-12,2025-12-14T21:16:31Z
356,Amber Walker,amber.walker@example.com,+18631779717,1983-01-06,2025-12-14T21:16:31Z
357,Jonathan Valdez,jonathan.valdez@example.com,+15660880199,2009-03-08,2025-12-14T21:16:31Z
358,Mary Bryant,mary.bryant@example.com,+16503758997,2001-08-03,2025-12-14T21:16:31Z
359,Peter Walker,peter.walker@example.com,+13548851027,1995-09-10,2025-12-14T21:16:31Z
360,Levi Lopez,levi.lopez@example.com,+18373516091,2002-04-01,2025-12-14T21:16:31Z
361,Tina Taylor,tina.taylor@example.com,+10869782922,1992-09-22,2025-12-14T21:16:31Z
362,Lisa Morris,lisa.morris@example.com,+13693465472,1996-03-04,2025-12-14T21:16:31Z
363,Stacey Hunt,stacey.hunt@example.com,+13339452288,1955-09-15,2025-12-14T21:16:31Z
364,Kristina Aguilar,kristina.aguilar@example.com,+11846081062,1947-09-14,2025-12-14T21:16:31Z
365,Paul Martin,paul.martin@example.com,+12420438057,1970-07-12,2025-12-14T21:16:31Z
366,Kristina Young,kristina.young@example.com,+14066658004,2000-04-19,2025-12-14T21:16:31Z
367,Susan Bush,susan.bush@example.com,+13989334721,1963-08-27,2025-12-14T21:16:31Z
368,Barbara Williams,barbara.williams@example.com,+13842294057,1945-06-08,2025-12-14T21:16:31Z
369,Frank Williams,frank.williams@example.com,+19798515832,1949-04-12,2025-12-14T21:16:31Z
370,Caitlin Daniels,caitlin.daniels@example.com,+19153355543,2004-08-17,2025-12-14T21:16:31Z
371,Samantha Zavala MD,samantha.zavala.md@example.com,+17739930561,1974-12-03,2025-12-14T21:16:31Z
372,Diane Pruitt,diane.pruitt@example.com,+12887704358,1953-01-22,2025-12-14T21:16:31Z
373,Tyler Medina,tyler.medina@example.com,+13133613861,1943-03-26,2025-12-14T21:16:31Z
374,Gary Miller,gary.miller@example.com,+18248193466,1995-01-17,2025-12-14T21:16:31Z
375,Alan Nunez,alan.nunez@example.com,+11901581449,1978-04-25,2025-12-14T21:16:31Z
376,Jessica Foster,jessica.foster@example.com,+15728326842,1990-10-13,2025-12-14T21:16:31Z
377,Alexandra Baxter,alexandra.baxter@example.com,+15100996881,1968-08-02,2025-12-14T21:16:31Z
378,Stephanie Cooper,stephanie.cooper@example.com,+13822239431,1947-05-27,2025-12-14T21:16:31Z
379,Tara Gamble,tara.gamble@example.com,+14141397552,1953-08-13,2025-12-14T21:16:31Z
380,Benjamin Lee,benjamin.lee@example.com,+19492995562,1982-08-17,2025-12-14T21:16:31Z
381,Daniel Singh,daniel.singh@example.com,+18452577754,1954-10-24,2025-12-14T21:16:31Z
382,Lawrence Wilkinson,lawrence.wilkinson@example.com,+17834110809,1968-12-15,2025-12-14T21:16:31Z
383,Kristen Stephens,kristen.stephens@example.com,+15639427881,1989-07-09,2025-12-14T21:16:31Z
384,Mary Charles,mary.charle@example.com,+16827229927,1945-07-02,2025-12-14T21:16:31Z
385,John Brown,john.brown@example.com,+11303856770,1984-02-08,2025-12-14T21:16:31Z
386,Warren Schultz,warren.schultz@example.com,+12498926659,2010-04-26,2025-12-14T21:16:31Z
387,William Walker,william.walker@example.com,+13557790827,1971-04-20,2025-12-14T21:16:31Z
388,Mason Lewis,masonlewis@example.com,+18259136517,2005-03-12,2025-12-14T21:16:31Z
389,Christopher Whitaker,christopher.whitaker@example.com,+13302992280,1947-08-11,2025-12-14T21:16:31Z
390,Thomas Black,thomas.black@example.com,+18990413797,1963-03-19,2025-12-14T21:16:31Z
391,Jason Thomas,jason.thoma@example.com,+14984257991,1991-06-22,2025-12-14T21:16:31Z
392,Brian Harris,brian.harris@example.com,+19127990881,2005-08-19,2025-12-14T21:16:31Z
393,Stephanie Ryan,stephanie.ryan@example.com,+17686508637,1987-09-15,2025-12-14T21:16:31Z
394,Natalie Juarez,natalie.juarez_at_example.com,+17624731498,1975-02-01,2025-12-14T21:16:31Z
395,Michael Clarke,michael.clarke@example.com,+10635651269,1975-07-25,2025-12-14T21:16:31Z
396,Jessica Diaz,jessica.diaz@example.com,+19636887258,2005-11-02,2025-12-14T21:16:31Z
397,Eric Cooper,eric.cooper@example.com,+16213721386,1947-01-31,2025-12-14T21:16:31Z
398,Vincent Smith,vincent.smith@example.com,+12279611435,1945-02-19,2025-12-14T21:16:31Z
399,Tara Morales,tara.morales@example.com,+10277038430,2010-03-15,2025-12-14T21:16:31Z
400,Lisa Craig,lisa.craig@example.com,+14302146566,2010-06-19,2025-12-14T21:16:31Z
401,Michael Calhoun,michael.calhoun@example.com,+19554393769,1975-07-15,2025-12-14T21:16:31Z
402,Jonathan Hansen,jonathan.hansen@example.com,+11848947697,1986-03-24,2025-12-14T21:16:31Z
403,Judy Murray,judy.murray@example.com,+16714163356,2010-04-18,2025-12-14T21:16:31Z
404,Mercedes Baker,mercedes.baker@example.com,+14165182755,1976-08-14,2025-12-14T21:16:31Z
405,Paul Conrad,paul.conrad@example.com,+16733343333,1961-03-25,2025-12-14T21:16:31Z
406,Barbara Miller,barbara.miller@example.com,+18075957947,2009-07-25,2025-12-14T21:16:31Z
407,Daniel Ray,daniel.ray@example.com,+18867808562,1956-05-19,2025-12-14T21:16:31Z
408,Julia Norris,julia.norris@example.com,+19369155942,1975-10-10,2025-12-14T21:16:31Z
409,John Austin,john.austin@example.com,+18276365564,1964-06-25,2025-12-14T21:16:31Z
410,Veronica Parks,veronica.parks@example.com,+11438663227,1964-01-14,2025-12-14T21:16:31Z
411,Chad Barry,chad.barry@example.com,+17448906120,1974-08-10,2025-12-14T21:16:31Z
412,Mark Cole,mark.cole@example.com,+12455884506,1987-10-13,2025-12-14T21:16:31Z
413,Tracey Gonzalez,tracey.gonzalez@example.com,+15587716947,1962-10-22,2025-12-14T21:16:31Z
414,Tanya Fisher,tanya.fisher@example.com,+17112535544,1976-11-30,2025-12-14T21:16:31Z
415,Priscilla Mcmillan,priscilla.mcmillan@example.com,+12202341326,1953-01-02,2025-12-14T21:16:31Z
416,Shawn Kelley,shawn.kelley@example.com,+15681149216,1971-03-20,2025-12-14T21:16:31Z
417,Duane Sims,duane.sims@example.com,+15820055778,2000-07-17,2025-12-14T21:16:31Z
418,Travis Ryan,travis.ryan@example.com,+18845783174,1996-02-06,1990-01-01
419,Eric Smith,eric.smith@example.com,+17547807740,1979-11-13,2025-12-14T21:16:31Z
420,Rebecca Kelley,rebecca.kelley@example.com,+15686632663,1950-10-12,2025-12-14T21:16:31Z
421,David Duran,david.duran@example.com,+12484631224,2001-12-21,2025-12-14T21:16:31Z
422,Denise Dean,denise.dean_at_example.com,+15502080214,1957-01-06,2025-12-14T21:16:31Z
423,Monica Hall,monica.hall@example.com,+11073564757,1984-12-11,2025-12-14T21:16:31Z
424,Paul Thomas,paul.thomas@example.com,+12618723460,1973-11-18,2025-12-14T21:16:31Z
425,William Wright,william.wright@example.com,+13371837645,1945-09-28,2025-12-14T21:16:31Z
426,Krista Martinez,krista.martinez@example.com,+15031365024,1993-11-13,2025-12-14T21:16:31Z
427,Alexa Williams,alexa.williams@example.com,+15132719500,1960-12-12,2025-12-14T21:16:31Z
428,Rebecca Martinez,rebecca.martinez@example.com,+15585730652,1945-05-16,2025-12-14T21:16:31Z
429,Mr. Edward Terry,mr.edward.terry@example.com,+13928557498,1949-05-16,2025-12-14T21:16:31Z
430,Joanna Weiss,joanna.weiss@example.com,+10862095935,1992-09-26,2025-12-14T21:16:31Z
431,Michael Cannon,michael.cannon@example.com,+11945651181,1957-08-30,2025-12-14T21:16:31Z
432,Andre Rodriguez,andre.rodriguez@example.com,+11109678994,1989-11-10,2025-12-14T21:16:31Z
433,Mitchell Smith,mitchell.smith@example.com,+15717058650,1945-07-13,2025-12-14T21:16:31Z
434,Sandra Miller,sandra.miller@example.com,+14811386338,1964-05-07,2025-12-14T21:16:31Z
435,Kristin Reese,kristin.reese@example.com,+13761228685,2000-04-17,2025-12-14T21:16:31Z
436,Stephanie Pierce,stephanie.pierce@example.com,+17566593983,1974-07-31,2025-12-14T21:16:31Z
437,Jesse Moyer,jesse.moyer@example.com,+14049082404,1969-03-27,2025-12-14T21:16:31Z
438,Alison Short,alison.short@example.com,+16888992107,1961-03-31,2025-12-14T21:16:31Z
439,Jacob Perkins,jacob.perkins@example.com,+18441969315,1963-07-14,2025-12-14T21:16:31Z
440,Steven Warner PhD,steven.warner.phd@example.com,+17940961055,1996-09-08,2025-12-14T21:16:31Z
441,Barbara Townsend,barbara.townsend@example.com,+16604805892,2008-05-17,2025-12-14T21:16:31Z
442,Brittany Nunez,brittany.nunez_at_example.com,+13799813646,1957-12-28,2025-12-14T21:16:31Z
443,John Mcgee,john.mcgee@example.com,+11686227837,1966-09-09,2025-12-14T21:16:31Z
444,Yolanda Warren,yolanda.warren@example.com,12345,1987-05-28,1990-01-01
445,Gregory Rios,gregory.rios@example.com,+14259792703,1990-11-16,2025-12-14T21:16:31Z
446,Nicholas Miller,nicholas.miller@example.com,+18392405147,1943-02-04,2025-12-14T21:16:31Z
447,Patrick Lewis,patrick.lewis@example.com,+18792069804,1948-03-07,2025-12-14T21:16:31Z
448,Richard Williamson,richard.williamson@example.com,+17701645104,1971-06-18,2025-12-14T21:16:31Z
449,Katie Mckinney,katie.mckinney@example.com,+11798123878,1945-05-30,2025-12-14T21:16:31Z
450,Joseph Cook,joseph.cook@example.com,+11205554384,1975-01-26,2025-12-14T21:16:31Z
451,Stefanie Briggs,stefanie.briggs@example.com,+19843256216,1970-12-14,2025-12-14T21:16:31Z
452,Kenneth Simmons,kenneth.simmons@example.com,+14957823298,1958-10-18,2025-12-14T21:16:31Z
453,Michael Mills,michael.mills@example.com,+13629251881,1983-03-23,2025-12-14T21:16:31Z
454,Brianna Johnson,brianna.johnso@example.com,+13664742312,1943-07-26,2025-12-14T21:16:31Z
455,Lisa Adams,lisa.adams@example.com,+18933051728,1990-11-23,2025-12-14T21:16:31Z
456,James Wells,james.wells@example.com,+14330604633,1948-12-31,2025-12-14T21:16:31Z
457,Troy Gonzales,troy.gonzales@example.com,+13660965699,1945-03-29,2025-12-14T21:16:31Z
458,Jocelyn Wilcox,jocelyn.wilcox@example.com,+14388608680,1979-08-18,2025-12-14T21:16:31Z
459,Stephen Ayala,stephen.ayala@example.com,+18726490827,1952-04-22,2025-12-14T21:16:31Z
460,Ashley Osborne,ashley.osborne@example.com,+16570279371,1984-02-08,2025-12-14T21:16:31Z
461,Susan Hogan,susan.hogan@example.com,+13117518689,1991-07-16,2025-12-14T21:16:31Z
462,Amanda Jackson,amanda.jackson@example.com,+18922220644,1979-04-21,2025-12-14T21:16:31Z
463,Autumn Anderson,autumn.anderson@example.com,+18094077780,1972-05-16,2025-12-14T21:16:31Z
464,Matthew Chavez,matthew.chavez@example.com,+19038498302,1947-06-30,2025-12-14T21:16:31Z
465,Amanda Nash,amanda.nash@example.com,+19510162249,1964-02-23,2025-12-14T21:16:31Z
466,Nicole Ward,nicole.ward@example.com,+15145561681,2004-01-29,2025-12-14T21:16:31Z
467,Michael Hill,michael.hill@example.com,+13390198179,1998-02-13,2025-12-14T21:16:31Z
468,Emily Fox,emily.fox@example.com,+14299787729,1979-07-15,2025-12-14T21:16:31Z
469,April Johnson,april.johnson@example.com,+11396605583,1967-05-20,2025-12-14T21:16:31Z
470,Dawn Jones,dawn.jones@example.com,+11885015569,1963-11-26,2025-12-14T21:16:31Z
471,Roy Nielsen,roy.nielsen@example.com,+12727857608,1982-12-09,2025-12-14T21:16:31Z
472,Alicia Ray,alicia.ray@example.com,+17512405682,1965-07-02,2025-12-14T21:16:31Z
473,Sharon Walton,sharon.walton@example.com,+14046173574,1981-02-22,2025-12-14T21:16:31Z
474,James Johnson,james.johnson@example.com,+18178078235,1982-03-29,2025-12-14T21:16:31Z
475,Briana Wiggins,briana.wiggins_at_example.com,+10768104091,2003-07-17,2025-12-14T21:16:31Z
476,Ashley Miranda,ashley.miranda@example.com,+19094353344,1983-06-09,2025-12-14T21:16:31Z
477,Megan Nelson,megan.nelson@example.com,+16410988138,1983-05-06,1990-01-01
478,Tony Brock,tony.brock@example.com,+11214958702,2004-01-25,2025-12-14T21:16:31Z
479,Amber Reyes,amber.reyes@example.com,+16662997954,1966-12-19,2025-12-14T21:16:31Z
480,Megan Ferguson,megan.ferguson@example.com,+11717477332,1989-06-19,2025-12-14T21:16:31Z
481,Michael Ortega,michael.ortega@example.com,+13770171577,1978-06-01,2025-12-14T21:16:31Z
482,Lindsey Anderson,lindsey.anderson@example.com,+17615814876,1972-06-20,2025-12-14T21:16:31Z
483,Kimberly Dickson,kimberlydickson@example.com,+14153966958,1963-07-23,2025-12-14T21:16:31Z
484,Angela Galvan,angela.galvan@example.com,+19758172461,1991-07-27,2025-12-14T21:16:31Z
485,Matthew Brown,matthew.brown@example.com,+18290227846,1966-08-18,2025-12-14T21:16:31Z
486,Shawn Evans,shawn.evans@example.com,+15651909862,1948-06-29,2025-12-14T21:16:31Z
487,Joshua Brown,joshua.brown@example.com,+14036965666,1968-09-29,2025-12-14T21:16:31Z
488,Karen Lopez,karen.lopez@example.com,+13562422010,2006-03-29,2025-12-14T21:16:31Z
489,Vanessa Taylor,vanessa.taylor@example.com,12345,2001-04-01,2025-12-14T21:16:31Z
490,Darius Coleman,darius.coleman@example.com,+11973846895,1945-02-25,2025-12-14T21:16:31Z
491,Michele Wilson,michele.wilson@example.com,12345,1982-07-13,2025-12-14T21:16:31Z
492,Stephanie Nichols,stephanie.nichols@example.com,+15778795654,1962-10-18,2025-12-14T21:16:31Z
493,Thomas Curry,thomas.curry@example.com,+15079290490,2005-12-22,2025-12-14T21:16:31Z
494,Jonathan York,jonathan.yor@example.com,+13429444019,1960-07-26,2025-12-14T21:16:31Z
495,Jacqueline Thompson,jacqueline.thompson_at_example.com,+18728051292,1996-03-14,2025-12-14T21:16:31Z
496,Cynthia Alexander,cynthia.alexander@example.com,+17395041027,2004-10-24,2025-12-14T21:16:31Z
497,Paul Goodwin,paul.goodwin@example.com,+16742860476,1945-07-31,2025-12-14T21:16:31Z
498,Joseph Gomez,joseph.gomez@example.com,+18945441496,1972-11-27,2025-12-14T21:16:31Z
499,Leah Lee,leah.lee@example.com,+19258001061,1954-02-21,2025-12-14T21:16:31Z
500,Heather Hardy,heather.hardy@example.com,+12300910939,1956-04-30,2025-12-14T21:16:31Z
501,Larry Bennett,larry.bennett@example.com,+16124471746,1975-01-09,2025-12-14T21:16:31Z
502,Benjamin Waters,benjamin.waters@example.com,+14650442717,1993-06-08,2025-12-14T21:16:31Z
503,Johnathan Thomas,johnathan.thomas@example.com,+15391741011,2000-09-06,2025-12-14T21:16:31Z
504,Jonathan Delgado,jonathan.delgado@example.com,+18064256908,2005-01-27,2025-12-14T21:16:31Z
505,Ryan Norman,ryan.norman@example.com,+16830671985,1981-03-19,2025-12-14T21:16:31Z
506,Mark Benjamin,mark.benjamin@example.com,+11585174328,1992-04-13,2025-12-14T21:16:31Z
507,Elizabeth Price,elizabeth.price@example.com,+14571732030,2006-08-01,2025-12-14T21:16:31Z
508,Ricky Schneider,ricky.schneider@example.com,+10050506138,1960-04-09,2025-12-14T21:16:31Z
509,Crystal Jones,crystal.jones@example.com,+11707903202,1981-10-29,2025-12-14T21:16:31Z
510,Anne Carr,anne.carr@example.com,+16117993136,1994-09-17,2025-12-14T21:16:31Z
511,William Johnston,william.johnston@example.com,+13530925114,1996-07-02,2025-12-14T21:16:31Z
512,Jacob Martin,jacob.marti@example.com,+12902196207,1940-11-11,2025-12-14T21:16:31Z
513,Timothy Mann,timothy.mann@example.com,+14672324876,1963-10-03,2025-12-14T21:16:31Z
514,Amanda White,amanda.white@example.com,+14560833181,2009-01-27,2025-12-14T21:16:31Z
515,Randy Hopkins,randy.hopkins@example.com,+11031277220,1989-07-26,2025-12-14T21:16:31Z
516,Jeffrey Cook,jeffrey.cook@example.com,+10822078113,1984-05-13,2025-12-14T21:16:31Z
517,Paul Villanueva,paul.villanueva@example.com,+12153136363,2004-02-07,2025-12-14T21:16:31Z
518,Amy Graham,amy.graham@example.com,+15972652735,1967-07-09,2025-12-14T21:16:31Z
519,Andrew Carroll,andrew.carroll@example.com,+13217762534,1963-02-16,2025-12-14T21:16:31Z
520,Kristen Hall,kristen.hall@example.com,+14873977406,1973-09-23,2025-12-14T21:16:31Z
521,Kevin Snow,kevin.snow@example.com,+19906007806,1993-08-31,2025-12-14T21:16:31Z
522,Robert Nicholson,robert.nicholson@example.com,+11806325431,2005-04-19,2025-12-14T21:16:31Z
523,Candice Stevens,candice.stevens@example.com,+17772625701,1985-04-22,2025-12-14T21:16:31Z
524,Elizabeth Mullins,elizabeth.mullins@example.com,+11950850165,1945-07-24,2025-12-14T21:16:31Z
525,Christopher Hansen,christopher.hansen@example.com,+14832538179,1970-09-06,2025-12-14T21:16:31Z
526,Steven Gordon,steven.gordon@example.com,+12401557788,2003-12-27,2025-12-14T21:16:31Z
527,Meghan Patel,meghan.patel@example.com,+13795137116,1979-04-01,2025-12-14T21:16:31Z
528,Angela Martin,angela.martin@example.com,+13272380468,2004-06-30,2025-12-14T21:16:31Z
529,Jeremy Newman,jeremy.newman@example.com,+16310385695,2006-03-01,2025-12-14T21:16:31Z
530,Melissa Wilkinson,melissa.wilkinson@example.com,+19242437540,1988-01-22,2025-12-14T21:16:31Z
531,Tyler Montgomery,tyler.montgomery@example.com,+16842222310,1957-03-19,2025-12-14T21:16:31Z
532,Jacob Harris,jacob.harris@example.com,+12552578284,1943-05-24,2025-12-14T21:16:31Z
533,Jonathan Thomas,jonathan.thomas@example.com,+10885474929,1986-02-04,2025-12-14T21:16:31Z
534,Monique Mccullough,monique.mccullough@example.com,+12814069375,1984-06-01,2025-12-14T21:16:31Z
535,Martin Silva,martin.silva@example.com,+14430187186,2006-10-02,2025-12-14T21:16:31Z
536,Larry Harding,larry.harding@example.com,+16626565045,1981-12-06,2025-12-14T21:16:31Z
537,Shelly Miller,shelly.miller@example.com,+14266299123,2004-08-05,2025-12-14T21:16:31Z
538,Kelly Rogers DVM,kelly.rogers.dvm@example.com,+13106462879,1967-02-13,2025-12-14T21:16:31Z
539,James Spencer,james.spencer@example.com,+13494787300,1975-10-01,2025-12-14T21:16:31Z
540,Martin Fields,martin.fields@example.com,+12462730147,1989-03-27,2025-12-14T21:16:31Z
541,Krystal Oneill,krystal.oneill@example.com,+18904290257,1988-08-21,2025-12-14T21:16:31Z
542,Dominic Barnes,dominic.barnes@example.com,+13044818321,1983-11-27,2025-12-14T21:16:31Z
543,Samantha Cohen,samantha.cohen@example.com,+19451895202,1978-04-20,2025-12-14T21:16:31Z
544,John Peterson,john.peterson@example.com,+19132833898,1955-07-06,2025-12-14T21:16:31Z
545,Thomas Wilson,thomas.wilson@example.com,+16075452798,1963-06-09,2025-12-14T21:16:31Z
546,Alyssa Olsen,alyssa.olsen@example.com,+12223423216,1950-07-31,2025-12-14T21:16:31Z
547,John Reynolds,john.reynolds@example.com,+12108907140,1981-01-19,2025-12-14T21:16:31Z
548,Nicole Patton,nicole.patton@example.com,+16932501249,1987-12-08,2025-12-14T21:16:31Z
549,Jonathan Chandler,jonathan.chandler@example.com,+15891190833,1963-05-18,2025-12-14T21:16:31Z
550,Kimberly Beltran,kimberly.beltran@example.com,+16387592712,1991-08-31,2025-12-14T21:16:31Z
551,Jose Russell,jose.russell@example.com,+11171827548,1951-03-12,2025-12-14T21:16:31Z
552,Brian Campbell,brian.campbell@example.com,+16738646317,1964-05-26,2025-12-14T21:16:31Z
553,Michael Powers,michael.powers@example.com,+13781126691,1948-10-21,2025-12-14T21:16:31Z
554,Curtis Gonzalez,curtis.gonzalez@example.com,+16136749946,2004-10-04,2025-12-14T21:16:31Z
555,Tiffany Archer,tiffany.archer@example.com,+17114773201,1949-04-14,2025-12-14T21:16:31Z
556,Mr. Christopher Jacobs MD,mr.christopher.jacobs.md@example.com,+18991187734,2006-09-21,2025-12-14T21:16:31Z
557,Kimberly Pacheco,kimberly.pacheco@example.com,+10616756770,1964-01-27,2025-12-14T21:16:31Z
558,Shannon Turner,shannonturner@example.com,+19762467197,2003-12-10,2025-12-14T21:16:31Z
559,Scott Hunter,scott.hunter@example.com,+11479695450,1946-02-20,2025-12-14T21:16:31Z
560,Jacob Pacheco,jacob.pacheco@example.com,+14561655650,1973-09-12,2025-12-14T21:16:31Z
561,Erik Miller,erik.miller@example.com,+17415208507,2010-01-21,2025-12-14T21:16:31Z
562,Deborah Dominguez,deborah.dominguez@example.com,+14569659171,1985-09-22,2025-12-14T21:16:31Z
563,Robert Contreras Jr.,robert.contreras.jr@example.com,+11563718344,1980-06-18,1990-01-01
564,Jennifer Perez PhD,jennifer.perez.ph@example.com,+17919541987,1968-07-18,2025-12-14T21:16:31Z
565,Billy Colon,billy.colon@example.com,+18536649878,1942-07-13,2025-12-14T21:16:31Z
566,Kelli Lopez,kelli.lopez@example.com,+14896908357,1972-09-18,2025-12-14T21:16:31Z
567,Michael Evans,michaelevans@example.com,+14651364424,1995-03-28,2025-12-14T21:16:31Z
568,Chris Johnson,chris.johnson@example.com,+13778660324,1943-12-19,2025-12-14T21:16:31Z
569,Robert Hopkins,robert.hopkins@example.com,12345,1989-06-18,2025-12-14T21:16:31Z
570,Stacey Sanders,stacey.sanders@example.com,+18319818984,1952-04-13,2025-12-14T21:16:31Z
571,Bryan Roman,bryan.roman@example.com,+15963632123,1999-10-24,2025-12-14T21:16:31Z
572,Scott Brown,scott.brown@example.com,+15867342575,1942-11-13,2025-12-14T21:16:31Z
573,Susan Johnson,susan.johnso@example.com,+18348645183,1992-11-13,2025-12-14T21:16:31Z
574,Tyler Pennington,tyler.pennington@example.com,+11413432756,1977-04-18,2025-12-14T21:16:31Z
575,Samantha Shepard,samantha.shepard@example.com,+16124815698,2001-09-08,2025-12-14T21:16:31Z
576,Pamela Davidson,pamela.davidson@example.com,12345,1961-06-24,2025-12-14T21:16:31Z
577,Micheal Saunders,micheal.saunders@example.com,+16965772429,1978-05-09,2025-12-14T21:16:31Z
578,Jason White,jason.white@example.com,+14930089317,1975-08-18,2025-12-14T21:16:31Z
579,Caroline Morales,carolinemorales@example.com,+19942152910,1999-03-23,2025-12-14T21:16:31Z
580,Tanya Wilcox,tanya.wilcox@example.com,+13344762639,1978-07-06,2025-12-14T21:16:31Z
581,Chelsey White,chelsey.white@example.com,+18044397359,1951-09-02,2025-12-14T21:16:31Z
582,Casey Morris,casey.morri@example.com,+11366941180,1985-04-20,2025-12-14T21:16:31Z
583,Kaitlin Gomez,kaitlin.gomez@example.com,+19048964652,1945-08-06,2025-12-14T21:16:31Z
584,Debbie Gordon,debbiegordon@example.com,+16721586241,1946-01-04,2025-12-14T21:16:31Z
585,Kathryn Mcpherson,kathryn.mcpherson@example.com,+13564494856,1982-12-11,2025-12-14T21:16:31Z
586,Katherine Dodson,katherine.dodson@example.com,+13203207427,1955-10-16,2025-12-14T21:16:31Z
587,Tammy Williams MD,tammy.williams.md@example.com,+17121513422,1977-02-15,2025-12-14T21:16:31Z
588,Mary Lewis,mary.lewis@example.com,+11892613715,1978-09-09,2025-12-14T21:16:31Z
589,Melanie Long,melanie.long@example.com,+11520177749,1984-10-31,2025-12-14T21:16:31Z
590,Mary Tapia,mary.tapia@example.com,+17923045018,1952-08-05,2025-12-14T21:16:31Z
591,Christopher Hanna,christopher.hanna@example.com,+15103266421,2006-10-21,2025-12-14T21:16:31Z
592,Nancy Dorsey,nancy.dorsey@example.com,+15515837767,1997-07-30,2025-12-14T21:16:31Z
593,Jay Richardson,jay.richardson@example.com,+18661085732,1951-06-06,2025-12-14T21:16:31Z
594,Jeffrey Solomon,jeffrey.solomo@example.com,+12438649081,2009-11-15,2025-12-14T21:16:31Z
595,Jeffery Davis,jeffery.davis@example.com,+13549180172,1993-06-25,2025-12-14T21:16:31Z
596,Jason Bush,jason.bush@example.com,+12977945232,1975-04-17,2025-12-14T21:16:31Z
597,Ashley Ferguson,ashley.ferguson@example.com,+15610277697,1989-02-03,2025-12-14T21:16:31Z
598,Tracey Leonard,tracey.leonard@example.com,+14122031030,2005-06-24,2025-12-14T21:16:31Z
599,Marie Graham,marie.graham@example.com,+14727601227,2004-03-02,2025-12-14T21:16:31Z
600,Jerry Sanchez,jerry.sanchez@example.com,+19960501667,1979-07-29,2025-12-14T21:16:31Z
601,James Palmer,james.palmer@example.com,+18069581467,2007-05-05,2025-12-14T21:16:31Z
602,Maria West,maria.wes@example.com,+14024375738,1986-02-27,2025-12-14T21:16:31Z
603,Sarah Espinoza,sarah.espinoza@example.com,+16657293417,1963-08-02,2025-12-14T21:16:31Z
604,Larry Garcia,larry.garcia@example.com,+16743380054,1961-08-02,2025-12-14T21:16:31Z
605,Scott Gordon,scott.gordon@example.com,+15561931837,1986-04-26,2025-12-14T21:16:31Z
606,Patricia Carrillo,patricia.carrillo@example.com,+18910771199,1945-09-17,2025-12-14T21:16:31Z
607,Carol Wilson,carol.wilson@example.com,+16524787125,1958-10-01,2025-12-14T21:16:31Z
608,Dakota Montes,dakota.montes@example.com,+17375482145,1989-01-30,2025-12-14T21:16:31Z
609,Danielle Mullins,danielle.mullins@example.com,+12666785072,2010-05-30,2025-12-14T21:16:31Z
610,Angela Edwards,angela.edwards@example.com,+17606029084,1994-09-17,2025-12-14T21:16:31Z
611,Mercedes Russo,mercedes.russo@example.com,+19504892673,2000-03-05,2025-12-14T21:16:31Z
612,Stacy Harrington,stacy.harrington@example.com,+19341085628,1978-08-23,2025-12-14T21:16:31Z
613,Jorge Collins,jorge.collins@example.com,+19200894346,1955-01-12,2025-12-14T21:16:31Z
614,Sarah Green,sarah.green@example.com,+10174907539,1971-10-29,2025-12-14T21:16:31Z
615,Dustin Glover,dustin.glover@example.com,+18683158935,1953-05-03,2025-12-14T21:16:31Z
616,Jeffery Jenkins,jeffery.jenkins@example.com,+17062737158,2010-08-17,2025-12-14T21:16:31Z
617,Shelby Silva,shelby.silva@example.com,+13776228277,2009-11-04,2025-12-14T21:16:31Z
618,Bailey Lewis,bailey.lewis@example.com,+18519611594,1960-11-11,2025-12-14T21:16:31Z
619,Eric Brooks,eric.brooks@example.com,+14702296044,1964-11-30,2025-12-14T21:16:31Z
150,Katherine Martinez,dup_user@example.com,+17106794975,2004-09-04,2025-12-14T21:16:31Z
150,Sandra Anderson,dup.user@example.com,+17877725199,1992-09-13,2025-12-14T21:16:31Z
